Name,Type,Energy Generated,Status,Timestamp
Solar Generator #1,S,556.6804418855706,OPERATING,2023-05-18T04:21:27.201
Solar Generator #2,S,472.1387910604167,OPERATING,2023-05-18T04:21:27.201
Hydro Generator #1,H,1032.8144016424287,OPERATING,2023-05-18T04:21:27.201
Hydro Generator #2,H,1086.7096857673332,OPERATING,2023-05-18T04:21:27.201
Wind Generator #1,W,294.6161397404858,OPERATING,2023-05-18T04:21:27.201
Wind Generator #2,W,338.6910308167941,OPERATING,2023-05-18T04:21:27.201
Solar Generator #1,S,530.4043986437459,OPERATING,2023-05-18T05:21:27.201
Solar Generator #2,S,480.6637912863117,OPERATING,2023-05-18T05:21:27.201
Hydro Generator #1,H,1154.209702514928,OPERATING,2023-05-18T05:21:27.201
Hydro Generator #2,H,856.1641417333359,OPERATING,2023-05-18T05:21:27.201
Wind Generator #1,W,316.43340467826215,OPERATING,2023-05-18T05:21:27.201
Wind Generator #2,W,326.25457934136864,OPERATING,2023-05-18T05:21:27.201
Solar Generator #1,S,448.646389154818,OPERATING,2023-05-18T06:21:27.201
Solar Generator #2,S,553.840700986853,OPERATING,2023-05-18T06:21:27.201
Hydro Generator #1,H,1137.9901839588124,OPERATING,2023-05-18T06:21:27.201
Hydro Generator #2,H,1062.563710561649,OPERATING,2023-05-18T06:21:27.201
Wind Generator #1,W,348.9208801305092,OPERATING,2023-05-18T06:21:27.201
Wind Generator #2,W,311.142670646304,OPERATING,2023-05-18T06:21:27.201
Solar Generator #1,S,538.7473927492138,OPERATING,2023-05-18T07:21:27.201
Solar Generator #2,S,522.3904528135937,OPERATING,2023-05-18T07:21:27.201
Hydro Generator #1,H,1103.5946416009067,OPERATING,2023-05-18T07:21:27.201
Hydro Generator #2,H,1008.8088195922548,OPERATING,2023-05-18T07:21:27.201
Wind Generator #1,W,272.9950801972666,OPERATING,2023-05-18T07:21:27.201
Wind Generator #2,W,249.62798481909726,OPERATING,2023-05-18T07:21:27.201
Solar Generator #1,S,547.4186449159872,OPERATING,2023-05-18T08:21:27.201
Solar Generator #2,S,455.0427601211782,OPERATING,2023-05-18T08:21:27.201
Hydro Generator #1,H,963.5745613688835,OPERATING,2023-05-18T08:21:27.201
Hydro Generator #2,H,1115.0856416438141,OPERATING,2023-05-18T08:21:27.201
Wind Generator #1,W,320.8539357451394,OPERATING,2023-05-18T08:21:27.201
Wind Generator #2,W,289.27170827320657,OPERATING,2023-05-18T08:21:27.201
Solar Generator #1,S,463.5404553913584,OPERATING,2023-05-18T09:21:27.201
Solar Generator #2,S,490.52104499365674,OPERATING,2023-05-18T09:21:27.201
Hydro Generator #1,H,1060.6816561877824,OPERATING,2023-05-18T09:21:27.201
Hydro Generator #2,H,1169.9006711921961,OPERATING,2023-05-18T09:21:27.201
Wind Generator #1,W,275.498470776881,OPERATING,2023-05-18T09:21:27.201
Wind Generator #2,W,313.6651201369167,OPERATING,2023-05-18T09:21:27.201
Solar Generator #1,S,478.8366247856027,OPERATING,2023-05-18T10:21:27.201
Solar Generator #2,S,596.956739569144,OPERATING,2023-05-18T10:21:27.201
Hydro Generator #1,H,803.0818765524036,OPERATING,2023-05-18T10:21:27.201
Hydro Generator #2,H,888.2323935975926,OPERATING,2023-05-18T10:21:27.201
Wind Generator #1,W,292.7722826095387,OPERATING,2023-05-18T10:21:27.201
Wind Generator #2,W,313.2259405990114,OPERATING,2023-05-18T10:21:27.201
Solar Generator #1,S,458.0735717476293,OPERATING,2023-05-18T11:21:27.201
Solar Generator #2,S,584.5813861495012,OPERATING,2023-05-18T11:21:27.201
Hydro Generator #1,H,842.1663713869077,OPERATING,2023-05-18T11:21:27.201
Hydro Generator #2,H,948.4186820315632,OPERATING,2023-05-18T11:21:27.201
Wind Generator #1,W,310.8614683207545,OPERATING,2023-05-18T11:21:27.201
Wind Generator #2,W,270.76167394253804,OPERATING,2023-05-18T11:21:27.201
Solar Generator #1,S,498.4411558568084,OPERATING,2023-05-18T12:21:27.201
Solar Generator #2,S,483.6776964239611,OPERATING,2023-05-18T12:21:27.201
Hydro Generator #1,H,965.9449806746701,OPERATING,2023-05-18T12:21:27.201
Hydro Generator #2,H,864.1641808531476,OPERATING,2023-05-18T12:21:27.201
Wind Generator #1,W,244.50229555237163,OPERATING,2023-05-18T12:21:27.201
Wind Generator #2,W,289.6917247966397,OPERATING,2023-05-18T12:21:27.201
Solar Generator #1,S,484.53002547142546,OPERATING,2023-05-18T13:21:27.201
Solar Generator #2,S,504.6536071908281,OPERATING,2023-05-18T13:21:27.201
Hydro Generator #1,H,947.0239490750245,OPERATING,2023-05-18T13:21:27.201
Hydro Generator #2,H,870.3176638929306,OPERATING,2023-05-18T13:21:27.201
Wind Generator #1,W,244.6986486712039,OPERATING,2023-05-18T13:21:27.201
Wind Generator #2,W,323.24988859380136,OPERATING,2023-05-18T13:21:27.201
Solar Generator #1,S,490.82806014676174,OPERATING,2023-05-18T14:21:27.201
Solar Generator #2,S,420.736183593522,OPERATING,2023-05-18T14:21:27.201
Hydro Generator #1,H,1087.6848064345618,OPERATING,2023-05-18T14:21:27.201
Hydro Generator #2,H,860.8347563117906,OPERATING,2023-05-18T14:21:27.201
Wind Generator #1,W,279.55590372404833,OPERATING,2023-05-18T14:21:27.201
Wind Generator #2,W,324.66836916527416,OPERATING,2023-05-18T14:21:27.201
Solar Generator #1,S,447.91637026318546,OPERATING,2023-05-18T15:21:27.201
Solar Generator #2,S,556.1649263928217,OPERATING,2023-05-18T15:21:27.201
Hydro Generator #1,H,1145.5971614977934,OPERATING,2023-05-18T15:21:27.201
Hydro Generator #2,H,1114.6073019510625,OPERATING,2023-05-18T15:21:27.201
Wind Generator #1,W,317.89264971540786,OPERATING,2023-05-18T15:21:27.201
Wind Generator #2,W,291.2742817657307,OPERATING,2023-05-18T15:21:27.201
Solar Generator #1,S,471.55302540955836,OPERATING,2023-05-18T16:21:27.201
Solar Generator #2,S,423.8970514284847,OPERATING,2023-05-18T16:21:27.201
Hydro Generator #1,H,1102.2137958904423,OPERATING,2023-05-18T16:21:27.201
Hydro Generator #2,H,1079.6060907087058,OPERATING,2023-05-18T16:21:27.201
Wind Generator #1,W,354.5962701338341,OPERATING,2023-05-18T16:21:27.201
Wind Generator #2,W,319.6092204952297,OPERATING,2023-05-18T16:21:27.201
Solar Generator #1,S,455.59063104267676,OPERATING,2023-05-18T17:21:27.201
Solar Generator #2,S,436.7198821224073,OPERATING,2023-05-18T17:21:27.201
Hydro Generator #1,H,851.9119683116427,OPERATING,2023-05-18T17:21:27.201
Hydro Generator #2,H,1058.0493238756628,OPERATING,2023-05-18T17:21:27.201
Wind Generator #1,W,245.24319928928523,OPERATING,2023-05-18T17:21:27.201
Wind Generator #2,W,304.1121679388056,OPERATING,2023-05-18T17:21:27.201
Solar Generator #1,S,550.181514606898,OPERATING,2023-05-18T18:21:27.201
Solar Generator #2,S,414.2985445734454,OPERATING,2023-05-18T18:21:27.201
Hydro Generator #1,H,1143.4605537730652,OPERATING,2023-05-18T18:21:27.201
Hydro Generator #2,H,845.0749464967753,OPERATING,2023-05-18T18:21:27.201
Wind Generator #1,W,297.3092258645826,OPERATING,2023-05-18T18:21:27.201
Wind Generator #2,W,298.58571246449077,OPERATING,2023-05-18T18:21:27.201
Solar Generator #1,S,585.9823329052656,OPERATING,2023-05-18T19:21:27.201
Solar Generator #2,S,426.06977052010996,OPERATING,2023-05-18T19:21:27.201
Hydro Generator #1,H,996.4081801146267,OPERATING,2023-05-18T19:21:27.201
Hydro Generator #2,H,820.6603676465538,OPERATING,2023-05-18T19:21:27.201
Wind Generator #1,W,356.35003180795985,OPERATING,2023-05-18T19:21:27.201
Wind Generator #2,W,297.59527044163605,OPERATING,2023-05-18T19:21:27.201
Solar Generator #1,S,563.0773975284197,OPERATING,2023-05-18T20:21:27.201
Solar Generator #2,S,446.0255382794046,OPERATING,2023-05-18T20:21:27.201
Hydro Generator #1,H,943.5033190219258,OPERATING,2023-05-18T20:21:27.201
Hydro Generator #2,H,1079.2989207340206,OPERATING,2023-05-18T20:21:27.201
Wind Generator #1,W,327.8367258336734,OPERATING,2023-05-18T20:21:27.201
Wind Generator #2,W,324.1305935439756,OPERATING,2023-05-18T20:21:27.201
Solar Generator #1,S,400.09821308997584,OPERATING,2023-05-18T21:21:27.201
Solar Generator #2,S,550.3130716534853,OPERATING,2023-05-18T21:21:27.201
Hydro Generator #1,H,816.2726141931694,OPERATING,2023-05-18T21:21:27.201
Hydro Generator #2,H,904.2080011193432,OPERATING,2023-05-18T21:21:27.201
Wind Generator #1,W,328.88592584619295,OPERATING,2023-05-18T21:21:27.201
Wind Generator #2,W,310.28866152407915,OPERATING,2023-05-18T21:21:27.201
Solar Generator #1,S,434.5241437707661,OPERATING,2023-05-18T22:21:27.201
Solar Generator #2,S,562.2105416038341,OPERATING,2023-05-18T22:21:27.201
Hydro Generator #1,H,994.3997355227954,OPERATING,2023-05-18T22:21:27.201
Hydro Generator #2,H,1052.6093004891914,OPERATING,2023-05-18T22:21:27.201
Wind Generator #1,W,288.9285451360058,OPERATING,2023-05-18T22:21:27.201
Wind Generator #2,W,329.41662664933375,OPERATING,2023-05-18T22:21:27.201
Solar Generator #1,S,479.40730205896574,OPERATING,2023-05-18T23:21:27.201
Solar Generator #2,S,541.4205321740952,OPERATING,2023-05-18T23:21:27.201
Hydro Generator #1,H,1080.5623165946822,OPERATING,2023-05-18T23:21:27.201
Hydro Generator #2,H,915.8873895930078,OPERATING,2023-05-18T23:21:27.201
Wind Generator #1,W,334.41615077151783,OPERATING,2023-05-18T23:21:27.201
Wind Generator #2,W,241.08325586689767,OPERATING,2023-05-18T23:21:27.201
Solar Generator #1,S,574.7722620574191,OPERATING,2023-05-19T00:21:27.201
Solar Generator #2,S,525.756340048753,OPERATING,2023-05-19T00:21:27.201
Hydro Generator #1,H,1040.900392593363,OPERATING,2023-05-19T00:21:27.201
Hydro Generator #2,H,853.1983916747536,OPERATING,2023-05-19T00:21:27.201
Wind Generator #1,W,259.9685141300688,OPERATING,2023-05-19T00:21:27.201
Wind Generator #2,W,344.4269584527345,OPERATING,2023-05-19T00:21:27.201
Solar Generator #1,S,523.6991827226345,OPERATING,2023-05-19T01:21:27.201
Solar Generator #2,S,463.17874312829446,OPERATING,2023-05-19T01:21:27.201
Hydro Generator #1,H,967.3053188378126,OPERATING,2023-05-19T01:21:27.201
Hydro Generator #2,H,869.3661448837195,OPERATING,2023-05-19T01:21:27.201
Wind Generator #1,W,326.92053051357476,OPERATING,2023-05-19T01:21:27.201
Wind Generator #2,W,280.85814954224907,OPERATING,2023-05-19T01:21:27.201
Solar Generator #1,S,473.60677295430605,OPERATING,2023-05-19T02:21:27.201
Solar Generator #2,S,520.7739333753285,OPERATING,2023-05-19T02:21:27.201
Hydro Generator #1,H,1171.2336549377399,OPERATING,2023-05-19T02:21:27.201
Hydro Generator #2,H,1117.6688227741133,OPERATING,2023-05-19T02:21:27.201
Wind Generator #1,W,340.03150146817177,OPERATING,2023-05-19T02:21:27.201
Wind Generator #2,W,303.77347652047234,OPERATING,2023-05-19T02:21:27.201
Solar Generator #1,S,592.5091034791728,OPERATING,2023-05-19T03:21:27.201
Solar Generator #2,S,524.6459092660082,OPERATING,2023-05-19T03:21:27.201
Hydro Generator #1,H,1109.7664229040365,OPERATING,2023-05-19T03:21:27.201
Hydro Generator #2,H,1055.3848432156467,OPERATING,2023-05-19T03:21:27.201
Wind Generator #1,W,314.1744027376173,OPERATING,2023-05-19T03:21:27.201
Wind Generator #2,W,260.86902178447843,OPERATING,2023-05-19T03:21:27.201
Solar Generator #1,S,498.0284461568167,OPERATING,2023-05-19T04:21:27.201
Solar Generator #2,S,570.829577070416,OPERATING,2023-05-19T04:21:27.201
Hydro Generator #1,H,873.1492973202309,OPERATING,2023-05-19T04:21:27.201
Hydro Generator #2,H,864.732117803771,OPERATING,2023-05-19T04:21:27.201
Wind Generator #1,W,295.1274047868606,OPERATING,2023-05-19T04:21:27.201
Wind Generator #2,W,333.8193352025239,OPERATING,2023-05-19T04:21:27.201
Solar Generator #1,S,523.7037585731185,OPERATING,2023-05-19T05:21:27.201
Solar Generator #2,S,452.2135784623091,OPERATING,2023-05-19T05:21:27.201
Hydro Generator #1,H,1029.0655334863031,OPERATING,2023-05-19T05:21:27.201
Hydro Generator #2,H,974.1007066900415,OPERATING,2023-05-19T05:21:27.201
Wind Generator #1,W,282.1447217388211,OPERATING,2023-05-19T05:21:27.201
Wind Generator #2,W,270.5188638693434,OPERATING,2023-05-19T05:21:27.201
Solar Generator #1,S,552.6425491700934,OPERATING,2023-05-19T06:21:27.201
Solar Generator #2,S,470.0946323773851,OPERATING,2023-05-19T06:21:27.201
Hydro Generator #1,H,1122.4083951337925,OPERATING,2023-05-19T06:21:27.201
Hydro Generator #2,H,1174.2443230992924,OPERATING,2023-05-19T06:21:27.201
Wind Generator #1,W,274.78840743243575,OPERATING,2023-05-19T06:21:27.201
Wind Generator #2,W,286.7619371474442,OPERATING,2023-05-19T06:21:27.201
Solar Generator #1,S,412.82146955626007,OPERATING,2023-05-19T07:21:27.201
Solar Generator #2,S,441.3680767698041,OPERATING,2023-05-19T07:21:27.201
Hydro Generator #1,H,870.336040079146,OPERATING,2023-05-19T07:21:27.201
Hydro Generator #2,H,1121.3619088212508,OPERATING,2023-05-19T07:21:27.201
Wind Generator #1,W,272.55753057525595,OPERATING,2023-05-19T07:21:27.201
Wind Generator #2,W,247.16728554172286,OPERATING,2023-05-19T07:21:27.201
Solar Generator #1,S,511.34888475183703,OPERATING,2023-05-19T08:21:27.201
Solar Generator #2,S,473.4920259160671,OPERATING,2023-05-19T08:21:27.201
Hydro Generator #1,H,1070.90706657985,OPERATING,2023-05-19T08:21:27.201
Hydro Generator #2,H,953.7659554437134,OPERATING,2023-05-19T08:21:27.201
Wind Generator #1,W,353.15575110282964,OPERATING,2023-05-19T08:21:27.201
Wind Generator #2,W,319.33262378837924,OPERATING,2023-05-19T08:21:27.201
Solar Generator #1,S,486.76049045836476,OPERATING,2023-05-19T09:21:27.201
Solar Generator #2,S,559.2454102660613,OPERATING,2023-05-19T09:21:27.201
Hydro Generator #1,H,1059.6107291429362,OPERATING,2023-05-19T09:21:27.201
Hydro Generator #2,H,1121.100109169555,OPERATING,2023-05-19T09:21:27.201
Wind Generator #1,W,303.79308562487097,OPERATING,2023-05-19T09:21:27.201
Wind Generator #2,W,350.6346391500567,OPERATING,2023-05-19T09:21:27.201
Solar Generator #1,S,578.9268117854263,OPERATING,2023-05-19T10:21:27.201
Solar Generator #2,S,441.9330193338215,OPERATING,2023-05-19T10:21:27.201
Hydro Generator #1,H,1001.6214312081548,OPERATING,2023-05-19T10:21:27.201
Hydro Generator #2,H,1134.8339220168077,OPERATING,2023-05-19T10:21:27.201
Wind Generator #1,W,279.7222675815778,OPERATING,2023-05-19T10:21:27.201
Wind Generator #2,W,263.7693053471948,OPERATING,2023-05-19T10:21:27.201
Solar Generator #1,S,555.4092315458375,OPERATING,2023-05-19T11:21:27.201
Solar Generator #2,S,519.0733538821119,OPERATING,2023-05-19T11:21:27.201
Hydro Generator #1,H,1198.622702104617,OPERATING,2023-05-19T11:21:27.201
Hydro Generator #2,H,996.0285970932057,OPERATING,2023-05-19T11:21:27.201
Wind Generator #1,W,335.26485997842093,OPERATING,2023-05-19T11:21:27.201
Wind Generator #2,W,245.05722176233334,OPERATING,2023-05-19T11:21:27.201
Solar Generator #1,S,591.109091027584,OPERATING,2023-05-19T12:21:27.201
Solar Generator #2,S,588.7380766015114,OPERATING,2023-05-19T12:21:27.201
Hydro Generator #1,H,917.5614133159153,OPERATING,2023-05-19T12:21:27.201
Hydro Generator #2,H,941.1328078338186,OPERATING,2023-05-19T12:21:27.201
Wind Generator #1,W,254.88691676292845,OPERATING,2023-05-19T12:21:27.201
Wind Generator #2,W,248.7182935372634,OPERATING,2023-05-19T12:21:27.201
Solar Generator #1,S,474.81209894381107,OPERATING,2023-05-19T13:21:27.201
Solar Generator #2,S,597.5945166884633,OPERATING,2023-05-19T13:21:27.201
Hydro Generator #1,H,814.7088956566457,OPERATING,2023-05-19T13:21:27.201
Hydro Generator #2,H,868.8336526297958,OPERATING,2023-05-19T13:21:27.201
Wind Generator #1,W,265.4386918663617,OPERATING,2023-05-19T13:21:27.201
Wind Generator #2,W,240.74980346850126,OPERATING,2023-05-19T13:21:27.201
Solar Generator #1,S,511.7381952640947,OPERATING,2023-05-19T14:21:27.201
Solar Generator #2,S,423.3355577085923,OPERATING,2023-05-19T14:21:27.201
Hydro Generator #1,H,1031.9207936978958,OPERATING,2023-05-19T14:21:27.201
Hydro Generator #2,H,1170.7531364486092,OPERATING,2023-05-19T14:21:27.201
Wind Generator #1,W,335.4775982837092,OPERATING,2023-05-19T14:21:27.201
Wind Generator #2,W,257.7215880755121,OPERATING,2023-05-19T14:21:27.201
Solar Generator #1,S,505.4647584108179,OPERATING,2023-05-19T15:21:27.201
Solar Generator #2,S,516.5640963740791,OPERATING,2023-05-19T15:21:27.201
Hydro Generator #1,H,1083.0035996502083,OPERATING,2023-05-19T15:21:27.201
Hydro Generator #2,H,886.0464896281698,OPERATING,2023-05-19T15:21:27.201
Wind Generator #1,W,343.64829648501507,OPERATING,2023-05-19T15:21:27.201
Wind Generator #2,W,318.7317269449356,OPERATING,2023-05-19T15:21:27.201
Solar Generator #1,S,435.5989238276893,OPERATING,2023-05-19T16:21:27.201
Solar Generator #2,S,538.3319712368082,OPERATING,2023-05-19T16:21:27.201
Hydro Generator #1,H,926.6110697013808,OPERATING,2023-05-19T16:21:27.201
Hydro Generator #2,H,1134.723948925874,OPERATING,2023-05-19T16:21:27.201
Wind Generator #1,W,305.39845445669613,OPERATING,2023-05-19T16:21:27.201
Wind Generator #2,W,302.94584889183585,OPERATING,2023-05-19T16:21:27.201
Solar Generator #1,S,499.33252203166444,OPERATING,2023-05-19T17:21:27.201
Solar Generator #2,S,559.4161258058059,OPERATING,2023-05-19T17:21:27.201
Hydro Generator #1,H,1138.1095243409566,OPERATING,2023-05-19T17:21:27.201
Hydro Generator #2,H,856.7834636468187,OPERATING,2023-05-19T17:21:27.201
Wind Generator #1,W,245.86345301758422,OPERATING,2023-05-19T17:21:27.201
Wind Generator #2,W,290.57282737990596,OPERATING,2023-05-19T17:21:27.201
Solar Generator #1,S,455.52102508659283,OPERATING,2023-05-19T18:21:27.201
Solar Generator #2,S,536.047620364943,OPERATING,2023-05-19T18:21:27.201
Hydro Generator #1,H,1046.3666373462872,OPERATING,2023-05-19T18:21:27.201
Hydro Generator #2,H,1194.0074171259662,OPERATING,2023-05-19T18:21:27.201
Wind Generator #1,W,316.55796311354015,OPERATING,2023-05-19T18:21:27.201
Wind Generator #2,W,281.8093364389158,OPERATING,2023-05-19T18:21:27.201
Solar Generator #1,S,499.1856407856796,OPERATING,2023-05-19T19:21:27.201
Solar Generator #2,S,444.1918662891749,OPERATING,2023-05-19T19:21:27.201
Hydro Generator #1,H,1092.433898710063,OPERATING,2023-05-19T19:21:27.201
Hydro Generator #2,H,1198.541870996945,OPERATING,2023-05-19T19:21:27.201
Wind Generator #1,W,254.5670396177672,OPERATING,2023-05-19T19:21:27.201
Wind Generator #2,W,296.2154366111401,OPERATING,2023-05-19T19:21:27.201
Solar Generator #1,S,402.3455819212365,OPERATING,2023-05-19T20:21:27.201
Solar Generator #2,S,440.6112481242508,OPERATING,2023-05-19T20:21:27.201
Hydro Generator #1,H,1095.6086677096914,OPERATING,2023-05-19T20:21:27.201
Hydro Generator #2,H,937.1427796825681,OPERATING,2023-05-19T20:21:27.201
Wind Generator #1,W,355.2340174883958,OPERATING,2023-05-19T20:21:27.201
Wind Generator #2,W,294.16302963880634,OPERATING,2023-05-19T20:21:27.201
Solar Generator #1,S,583.845236028631,OPERATING,2023-05-19T21:21:27.201
Solar Generator #2,S,523.8242174732832,OPERATING,2023-05-19T21:21:27.201
Hydro Generator #1,H,1178.3771188362903,OPERATING,2023-05-19T21:21:27.201
Hydro Generator #2,H,882.2389290589424,OPERATING,2023-05-19T21:21:27.201
Wind Generator #1,W,332.8972397744546,OPERATING,2023-05-19T21:21:27.201
Wind Generator #2,W,272.428705375244,OPERATING,2023-05-19T21:21:27.201
Solar Generator #1,S,516.3489278726188,OPERATING,2023-05-19T22:21:27.201
Solar Generator #2,S,591.7075924529365,OPERATING,2023-05-19T22:21:27.201
Hydro Generator #1,H,805.2553910106191,OPERATING,2023-05-19T22:21:27.201
Hydro Generator #2,H,1140.7272243295583,OPERATING,2023-05-19T22:21:27.201
Wind Generator #1,W,339.0322819155402,OPERATING,2023-05-19T22:21:27.201
Wind Generator #2,W,307.68221728037577,OPERATING,2023-05-19T22:21:27.201
Solar Generator #1,S,442.9336245332762,OPERATING,2023-05-19T23:21:27.201
Solar Generator #2,S,534.8718089514956,OPERATING,2023-05-19T23:21:27.201
Hydro Generator #1,H,931.5614429430325,OPERATING,2023-05-19T23:21:27.201
Hydro Generator #2,H,968.6814400841811,OPERATING,2023-05-19T23:21:27.201
Wind Generator #1,W,353.211093719329,OPERATING,2023-05-19T23:21:27.201
Wind Generator #2,W,294.5514941090295,OPERATING,2023-05-19T23:21:27.201
Solar Generator #1,S,558.7178355687736,OPERATING,2023-05-20T00:21:27.201
Solar Generator #2,S,466.0714673001228,OPERATING,2023-05-20T00:21:27.201
Hydro Generator #1,H,1036.6660920490147,OPERATING,2023-05-20T00:21:27.201
Hydro Generator #2,H,954.9211927119389,OPERATING,2023-05-20T00:21:27.201
Wind Generator #1,W,279.594049976426,OPERATING,2023-05-20T00:21:27.201
Wind Generator #2,W,249.12476435733626,OPERATING,2023-05-20T00:21:27.201
Solar Generator #1,S,414.722798439044,OPERATING,2023-05-20T01:21:27.201
Solar Generator #2,S,565.7965377024263,OPERATING,2023-05-20T01:21:27.201
Hydro Generator #1,H,832.2871835506811,OPERATING,2023-05-20T01:21:27.201
Hydro Generator #2,H,828.6536064213174,OPERATING,2023-05-20T01:21:27.201
Wind Generator #1,W,330.2257370713164,OPERATING,2023-05-20T01:21:27.201
Wind Generator #2,W,244.18010464750495,OPERATING,2023-05-20T01:21:27.201
Solar Generator #1,S,521.6697108401606,OPERATING,2023-05-20T02:21:27.201
Solar Generator #2,S,522.8222073119834,OPERATING,2023-05-20T02:21:27.201
Hydro Generator #1,H,889.9063963242954,OPERATING,2023-05-20T02:21:27.201
Hydro Generator #2,H,1056.1655853057923,OPERATING,2023-05-20T02:21:27.201
Wind Generator #1,W,336.20987151771504,OPERATING,2023-05-20T02:21:27.201
Wind Generator #2,W,309.1123482668793,OPERATING,2023-05-20T02:21:27.201
Solar Generator #1,S,570.6747924040766,OPERATING,2023-05-20T03:21:27.201
Solar Generator #2,S,565.8783401025827,OPERATING,2023-05-20T03:21:27.201
Hydro Generator #1,H,922.4040095873324,OPERATING,2023-05-20T03:21:27.201
Hydro Generator #2,H,1038.8104963987876,OPERATING,2023-05-20T03:21:27.201
Wind Generator #1,W,258.89348518052026,OPERATING,2023-05-20T03:21:27.201
Wind Generator #2,W,285.4570630254444,OPERATING,2023-05-20T03:21:27.201
Solar Generator #1,S,545.8115594624072,OPERATING,2023-05-20T04:21:27.201
Solar Generator #2,S,418.7321832475645,OPERATING,2023-05-20T04:21:27.201
Hydro Generator #1,H,983.5223918862127,OPERATING,2023-05-20T04:21:27.201
Hydro Generator #2,H,809.2983694042199,OPERATING,2023-05-20T04:21:27.201
Wind Generator #1,W,255.49519395119958,OPERATING,2023-05-20T04:21:27.201
Wind Generator #2,W,318.09087976969676,OPERATING,2023-05-20T04:21:27.201
Solar Generator #1,S,480.26768291884713,OPERATING,2023-05-20T05:21:27.201
Solar Generator #2,S,565.8608866592042,OPERATING,2023-05-20T05:21:27.201
Hydro Generator #1,H,1014.784722461455,OPERATING,2023-05-20T05:21:27.201
Hydro Generator #2,H,1045.5646913875855,OPERATING,2023-05-20T05:21:27.201
Wind Generator #1,W,267.167066920595,OPERATING,2023-05-20T05:21:27.201
Wind Generator #2,W,302.61725701973114,OPERATING,2023-05-20T05:21:27.201
Solar Generator #1,S,503.33148526919314,OPERATING,2023-05-20T06:21:27.201
Solar Generator #2,S,589.5231377401202,OPERATING,2023-05-20T06:21:27.201
Hydro Generator #1,H,1173.0109963701907,OPERATING,2023-05-20T06:21:27.201
Hydro Generator #2,H,1181.2581363395811,OPERATING,2023-05-20T06:21:27.201
Wind Generator #1,W,242.28424938843926,OPERATING,2023-05-20T06:21:27.201
Wind Generator #2,W,321.1263794915233,OPERATING,2023-05-20T06:21:27.201
Solar Generator #1,S,539.7010101891125,OPERATING,2023-05-20T07:21:27.201
Solar Generator #2,S,431.42202544758294,OPERATING,2023-05-20T07:21:27.201
Hydro Generator #1,H,812.5890861669753,OPERATING,2023-05-20T07:21:27.201
Hydro Generator #2,H,989.1535983748167,OPERATING,2023-05-20T07:21:27.201
Wind Generator #1,W,263.81125848136537,OPERATING,2023-05-20T07:21:27.201
Wind Generator #2,W,321.4476073469496,OPERATING,2023-05-20T07:21:27.201
Solar Generator #1,S,555.6164403801074,OPERATING,2023-05-20T08:21:27.201
Solar Generator #2,S,443.2841424288032,OPERATING,2023-05-20T08:21:27.201
Hydro Generator #1,H,1075.1741232105628,OPERATING,2023-05-20T08:21:27.201
Hydro Generator #2,H,848.5620602350284,OPERATING,2023-05-20T08:21:27.201
Wind Generator #1,W,296.89847504229755,OPERATING,2023-05-20T08:21:27.201
Wind Generator #2,W,309.19255258313905,OPERATING,2023-05-20T08:21:27.201
Solar Generator #1,S,598.0743183735841,OPERATING,2023-05-20T09:21:27.201
Solar Generator #2,S,420.56264302989194,OPERATING,2023-05-20T09:21:27.201
Hydro Generator #1,H,1155.5052333767128,OPERATING,2023-05-20T09:21:27.201
Hydro Generator #2,H,1180.0749198291119,OPERATING,2023-05-20T09:21:27.201
Wind Generator #1,W,331.4171323977493,OPERATING,2023-05-20T09:21:27.201
Wind Generator #2,W,247.31660386958455,OPERATING,2023-05-20T09:21:27.201
Solar Generator #1,S,443.8900205589391,OPERATING,2023-05-20T10:21:27.201
Solar Generator #2,S,462.10484113991504,OPERATING,2023-05-20T10:21:27.201
Hydro Generator #1,H,1065.5441607920006,OPERATING,2023-05-20T10:21:27.201
Hydro Generator #2,H,1040.745712068461,OPERATING,2023-05-20T10:21:27.201
Wind Generator #1,W,243.94567967274128,OPERATING,2023-05-20T10:21:27.201
Wind Generator #2,W,334.60631711978436,OPERATING,2023-05-20T10:21:27.201
Solar Generator #1,S,464.6326060741944,OPERATING,2023-05-20T11:21:27.201
Solar Generator #2,S,466.0077524485266,OPERATING,2023-05-20T11:21:27.201
Hydro Generator #1,H,910.1560577213854,OPERATING,2023-05-20T11:21:27.201
Hydro Generator #2,H,820.0777860500212,OPERATING,2023-05-20T11:21:27.201
Wind Generator #1,W,264.7752108117883,OPERATING,2023-05-20T11:21:27.201
Wind Generator #2,W,282.4298919837872,OPERATING,2023-05-20T11:21:27.201
Solar Generator #1,S,521.4640040954886,OPERATING,2023-05-20T12:21:27.201
Solar Generator #2,S,558.0177846129047,OPERATING,2023-05-20T12:21:27.201
Hydro Generator #1,H,1116.068202303502,OPERATING,2023-05-20T12:21:27.201
Hydro Generator #2,H,1161.9524167802422,OPERATING,2023-05-20T12:21:27.201
Wind Generator #1,W,307.80622473362314,OPERATING,2023-05-20T12:21:27.201
Wind Generator #2,W,348.2675190221604,OPERATING,2023-05-20T12:21:27.201
Solar Generator #1,S,530.6724081963132,OPERATING,2023-05-20T13:21:27.201
Solar Generator #2,S,553.7135441262133,OPERATING,2023-05-20T13:21:27.201
Hydro Generator #1,H,921.8581946763817,OPERATING,2023-05-20T13:21:27.201
Hydro Generator #2,H,859.8970447626998,OPERATING,2023-05-20T13:21:27.201
Wind Generator #1,W,284.76374446233035,OPERATING,2023-05-20T13:21:27.201
Wind Generator #2,W,294.9681860038169,OPERATING,2023-05-20T13:21:27.201
Solar Generator #1,S,586.1974078548527,OPERATING,2023-05-20T14:21:27.201
Solar Generator #2,S,479.34364214972925,OPERATING,2023-05-20T14:21:27.201
Hydro Generator #1,H,940.2386145610365,OPERATING,2023-05-20T14:21:27.201
Hydro Generator #2,H,932.8593658089874,OPERATING,2023-05-20T14:21:27.201
Wind Generator #1,W,319.9624750190875,OPERATING,2023-05-20T14:21:27.201
Wind Generator #2,W,326.35911321984565,OPERATING,2023-05-20T14:21:27.201
Solar Generator #1,S,589.7022966064434,OPERATING,2023-05-20T15:21:27.201
Solar Generator #2,S,418.5741213490379,OPERATING,2023-05-20T15:21:27.201
Hydro Generator #1,H,944.9210042337589,OPERATING,2023-05-20T15:21:27.201
Hydro Generator #2,H,1185.9182340116336,OPERATING,2023-05-20T15:21:27.201
Wind Generator #1,W,307.9083840474267,OPERATING,2023-05-20T15:21:27.201
Wind Generator #2,W,282.76376534762477,OPERATING,2023-05-20T15:21:27.201
Solar Generator #1,S,421.7568497843551,OPERATING,2023-05-20T16:21:27.201
Solar Generator #2,S,513.5329243194072,OPERATING,2023-05-20T16:21:27.201
Hydro Generator #1,H,1012.857332899269,OPERATING,2023-05-20T16:21:27.201
Hydro Generator #2,H,895.1282949762912,OPERATING,2023-05-20T16:21:27.201
Wind Generator #1,W,353.3277508094613,OPERATING,2023-05-20T16:21:27.201
Wind Generator #2,W,324.16402327570313,OPERATING,2023-05-20T16:21:27.201
Solar Generator #1,S,589.4514953727794,OPERATING,2023-05-20T17:21:27.201
Solar Generator #2,S,428.4217142791786,OPERATING,2023-05-20T17:21:27.201
Hydro Generator #1,H,1168.6730951967847,OPERATING,2023-05-20T17:21:27.201
Hydro Generator #2,H,827.9607062926275,OPERATING,2023-05-20T17:21:27.201
Wind Generator #1,W,341.7694770768947,OPERATING,2023-05-20T17:21:27.201
Wind Generator #2,W,264.1717847411308,OPERATING,2023-05-20T17:21:27.201
Solar Generator #1,S,406.27188870405826,OPERATING,2023-05-20T18:21:27.201
Solar Generator #2,S,582.5980929934652,OPERATING,2023-05-20T18:21:27.201
Hydro Generator #1,H,931.621485299619,OPERATING,2023-05-20T18:21:27.201
Hydro Generator #2,H,820.5679550058629,OPERATING,2023-05-20T18:21:27.201
Wind Generator #1,W,328.7310443618974,OPERATING,2023-05-20T18:21:27.201
Wind Generator #2,W,244.65497975570796,OPERATING,2023-05-20T18:21:27.201
Solar Generator #1,S,499.32040248650225,OPERATING,2023-05-20T19:21:27.201
Solar Generator #2,S,577.4140956636103,OPERATING,2023-05-20T19:21:27.201
Hydro Generator #1,H,856.4039205035358,OPERATING,2023-05-20T19:21:27.201
Hydro Generator #2,H,1180.3664329570324,OPERATING,2023-05-20T19:21:27.201
Wind Generator #1,W,286.3132827881274,OPERATING,2023-05-20T19:21:27.201
Wind Generator #2,W,358.7926676567091,OPERATING,2023-05-20T19:21:27.201
Solar Generator #1,S,596.9791560030075,OPERATING,2023-05-20T20:21:27.201
Solar Generator #2,S,477.22973009700996,OPERATING,2023-05-20T20:21:27.201
Hydro Generator #1,H,887.7178014004201,OPERATING,2023-05-20T20:21:27.201
Hydro Generator #2,H,867.1960802898103,OPERATING,2023-05-20T20:21:27.201
Wind Generator #1,W,248.71375688551433,OPERATING,2023-05-20T20:21:27.201
Wind Generator #2,W,339.5135254228898,OPERATING,2023-05-20T20:21:27.201
Solar Generator #1,S,526.8667630230286,OPERATING,2023-05-20T21:21:27.201
Solar Generator #2,S,559.9029489721979,OPERATING,2023-05-20T21:21:27.201
Hydro Generator #1,H,1114.4078850692101,OPERATING,2023-05-20T21:21:27.201
Hydro Generator #2,H,1128.5819300053495,OPERATING,2023-05-20T21:21:27.201
Wind Generator #1,W,331.42327476365534,OPERATING,2023-05-20T21:21:27.201
Wind Generator #2,W,290.7018150975015,OPERATING,2023-05-20T21:21:27.201
Solar Generator #1,S,549.4490022212058,OPERATING,2023-05-20T22:21:27.201
Solar Generator #2,S,425.6905415133454,OPERATING,2023-05-20T22:21:27.201
Hydro Generator #1,H,912.6133529320202,OPERATING,2023-05-20T22:21:27.201
Hydro Generator #2,H,824.3882053770604,OPERATING,2023-05-20T22:21:27.201
Wind Generator #1,W,343.7946857657209,OPERATING,2023-05-20T22:21:27.201
Wind Generator #2,W,250.23449201017016,OPERATING,2023-05-20T22:21:27.201
Solar Generator #1,S,566.9212394474883,OPERATING,2023-05-20T23:21:27.201
Solar Generator #2,S,545.8769374634213,OPERATING,2023-05-20T23:21:27.201
Hydro Generator #1,H,908.3184746920415,OPERATING,2023-05-20T23:21:27.201
Hydro Generator #2,H,1073.4209028495247,OPERATING,2023-05-20T23:21:27.201
Wind Generator #1,W,290.7078819380707,OPERATING,2023-05-20T23:21:27.201
Wind Generator #2,W,336.8429016252815,OPERATING,2023-05-20T23:21:27.201
Solar Generator #1,S,579.9884180051713,OPERATING,2023-05-21T00:21:27.201
Solar Generator #2,S,443.580949483255,OPERATING,2023-05-21T00:21:27.201
Hydro Generator #1,H,1068.2299411516774,OPERATING,2023-05-21T00:21:27.201
Hydro Generator #2,H,889.3009543303893,OPERATING,2023-05-21T00:21:27.201
Wind Generator #1,W,326.35952801223647,OPERATING,2023-05-21T00:21:27.201
Wind Generator #2,W,306.9721625788055,OPERATING,2023-05-21T00:21:27.201
Solar Generator #1,S,416.92610167190463,OPERATING,2023-05-21T01:21:27.201
Solar Generator #2,S,529.0732442826563,OPERATING,2023-05-21T01:21:27.201
Hydro Generator #1,H,1143.9199935438514,OPERATING,2023-05-21T01:21:27.201
Hydro Generator #2,H,945.1950183785181,OPERATING,2023-05-21T01:21:27.201
Wind Generator #1,W,321.76082064549547,OPERATING,2023-05-21T01:21:27.201
Wind Generator #2,W,253.24097375616842,OPERATING,2023-05-21T01:21:27.201
Solar Generator #1,S,429.81395986766114,OPERATING,2023-05-21T02:21:27.201
Solar Generator #2,S,560.5700037432692,OPERATING,2023-05-21T02:21:27.201
Hydro Generator #1,H,1047.6899549826876,OPERATING,2023-05-21T02:21:27.201
Hydro Generator #2,H,1116.7572209723896,OPERATING,2023-05-21T02:21:27.201
Wind Generator #1,W,337.3311466828195,OPERATING,2023-05-21T02:21:27.201
Wind Generator #2,W,312.78439471292114,OPERATING,2023-05-21T02:21:27.201
Solar Generator #1,S,542.0908436631123,OPERATING,2023-05-21T03:21:27.201
Solar Generator #2,S,568.851315699979,OPERATING,2023-05-21T03:21:27.201
Hydro Generator #1,H,929.624248916887,OPERATING,2023-05-21T03:21:27.201
Hydro Generator #2,H,999.9003452820504,OPERATING,2023-05-21T03:21:27.201
Wind Generator #1,W,353.0303496197396,OPERATING,2023-05-21T03:21:27.201
Wind Generator #2,W,301.69165212620976,OPERATING,2023-05-21T03:21:27.201
Solar Generator #1,S,539.5884625911505,OPERATING,2023-05-21T04:21:27.201
Solar Generator #2,S,470.1853751748505,OPERATING,2023-05-21T04:21:27.201
Hydro Generator #1,H,953.8208992035397,OPERATING,2023-05-21T04:21:27.201
Hydro Generator #2,H,1184.7807489377924,OPERATING,2023-05-21T04:21:27.201
Wind Generator #1,W,320.7768474817509,OPERATING,2023-05-21T04:21:27.201
Wind Generator #2,W,310.93093733230756,OPERATING,2023-05-21T04:21:27.201
Solar Generator #1,S,423.95841791645285,OPERATING,2023-05-21T05:21:27.201
Solar Generator #2,S,496.9225612011397,OPERATING,2023-05-21T05:21:27.201
Hydro Generator #1,H,1037.7998452537884,OPERATING,2023-05-21T05:21:27.201
Hydro Generator #2,H,1089.6469931566314,OPERATING,2023-05-21T05:21:27.201
Wind Generator #1,W,247.45364261960592,OPERATING,2023-05-21T05:21:27.201
Wind Generator #2,W,249.5826266231123,OPERATING,2023-05-21T05:21:27.201
Solar Generator #1,S,592.9152552946093,OPERATING,2023-05-21T06:21:27.201
Solar Generator #2,S,598.7562143628788,OPERATING,2023-05-21T06:21:27.201
Hydro Generator #1,H,1122.6062524787646,OPERATING,2023-05-21T06:21:27.201
Hydro Generator #2,H,1017.9676279001337,OPERATING,2023-05-21T06:21:27.201
Wind Generator #1,W,351.6089149672951,OPERATING,2023-05-21T06:21:27.201
Wind Generator #2,W,302.8821975985011,OPERATING,2023-05-21T06:21:27.201
Solar Generator #1,S,575.9758871436964,OPERATING,2023-05-21T07:21:27.201
Solar Generator #2,S,510.02974700902257,OPERATING,2023-05-21T07:21:27.201
Hydro Generator #1,H,882.1414827567502,OPERATING,2023-05-21T07:21:27.201
Hydro Generator #2,H,999.5193453173954,OPERATING,2023-05-21T07:21:27.201
Wind Generator #1,W,243.01254532440285,OPERATING,2023-05-21T07:21:27.201
Wind Generator #2,W,285.5037503564893,OPERATING,2023-05-21T07:21:27.201
Solar Generator #1,S,437.3836734339778,OPERATING,2023-05-21T08:21:27.201
Solar Generator #2,S,439.6025389975935,OPERATING,2023-05-21T08:21:27.201
Hydro Generator #1,H,958.7700959760828,OPERATING,2023-05-21T08:21:27.201
Hydro Generator #2,H,910.8822238308791,OPERATING,2023-05-21T08:21:27.201
Wind Generator #1,W,271.5346689782297,OPERATING,2023-05-21T08:21:27.201
Wind Generator #2,W,354.6946987429489,OPERATING,2023-05-21T08:21:27.201
Solar Generator #1,S,559.6631979012775,OPERATING,2023-05-21T09:21:27.201
Solar Generator #2,S,519.6698769823731,OPERATING,2023-05-21T09:21:27.201
Hydro Generator #1,H,1028.26681233412,OPERATING,2023-05-21T09:21:27.201
Hydro Generator #2,H,943.0545380293637,OPERATING,2023-05-21T09:21:27.201
Wind Generator #1,W,280.3669835917634,OPERATING,2023-05-21T09:21:27.201
Wind Generator #2,W,263.3019475909229,OPERATING,2023-05-21T09:21:27.201
Solar Generator #1,S,541.7595524634405,OPERATING,2023-05-21T10:21:27.201
Solar Generator #2,S,448.5650085142924,OPERATING,2023-05-21T10:21:27.201
Hydro Generator #1,H,850.6830680533909,OPERATING,2023-05-21T10:21:27.201
Hydro Generator #2,H,1093.6650447578388,OPERATING,2023-05-21T10:21:27.201
Wind Generator #1,W,258.4122701500645,OPERATING,2023-05-21T10:21:27.201
Wind Generator #2,W,279.4095022796033,OPERATING,2023-05-21T10:21:27.201
Solar Generator #1,S,584.973871036947,OPERATING,2023-05-21T11:21:27.201
Solar Generator #2,S,579.9542393545778,OPERATING,2023-05-21T11:21:27.201
Hydro Generator #1,H,954.7283226467745,OPERATING,2023-05-21T11:21:27.201
Hydro Generator #2,H,1008.5265423386489,OPERATING,2023-05-21T11:21:27.201
Wind Generator #1,W,337.72224233714,OPERATING,2023-05-21T11:21:27.201
Wind Generator #2,W,317.23719234037884,OPERATING,2023-05-21T11:21:27.201
Solar Generator #1,S,597.9145177796485,OPERATING,2023-05-21T12:21:27.201
Solar Generator #2,S,446.96871563227654,OPERATING,2023-05-21T12:21:27.201
Hydro Generator #1,H,931.7770529776337,OPERATING,2023-05-21T12:21:27.201
Hydro Generator #2,H,1182.0399019286742,OPERATING,2023-05-21T12:21:27.201
Wind Generator #1,W,264.16854496580686,OPERATING,2023-05-21T12:21:27.201
Wind Generator #2,W,273.12982201969925,OPERATING,2023-05-21T12:21:27.201
Solar Generator #1,S,528.4413121908067,OPERATING,2023-05-21T13:21:27.201
Solar Generator #2,S,564.6994475319527,OPERATING,2023-05-21T13:21:27.201
Hydro Generator #1,H,1081.6277543881029,OPERATING,2023-05-21T13:21:27.201
Hydro Generator #2,H,848.2234326718752,OPERATING,2023-05-21T13:21:27.201
Wind Generator #1,W,323.08639553811776,OPERATING,2023-05-21T13:21:27.201
Wind Generator #2,W,280.89582013396387,OPERATING,2023-05-21T13:21:27.201
Solar Generator #1,S,526.0877909486554,OPERATING,2023-05-21T14:21:27.201
Solar Generator #2,S,528.1148874600106,OPERATING,2023-05-21T14:21:27.201
Hydro Generator #1,H,955.6562038625889,OPERATING,2023-05-21T14:21:27.201
Hydro Generator #2,H,853.9081867311779,OPERATING,2023-05-21T14:21:27.201
Wind Generator #1,W,246.4350744110788,OPERATING,2023-05-21T14:21:27.201
Wind Generator #2,W,312.4340792111807,OPERATING,2023-05-21T14:21:27.201
Solar Generator #1,S,452.7045476596477,OPERATING,2023-05-21T15:21:27.201
Solar Generator #2,S,514.8431817265309,OPERATING,2023-05-21T15:21:27.201
Hydro Generator #1,H,984.0205682238841,OPERATING,2023-05-21T15:21:27.201
Hydro Generator #2,H,1002.905332494777,OPERATING,2023-05-21T15:21:27.201
Wind Generator #1,W,264.07411824582266,OPERATING,2023-05-21T15:21:27.201
Wind Generator #2,W,292.5174072998224,OPERATING,2023-05-21T15:21:27.201
Solar Generator #1,S,592.0742657429573,OPERATING,2023-05-21T16:21:27.201
Solar Generator #2,S,513.3941034762449,OPERATING,2023-05-21T16:21:27.201
Hydro Generator #1,H,852.0917584515574,OPERATING,2023-05-21T16:21:27.201
Hydro Generator #2,H,1194.7173461145333,OPERATING,2023-05-21T16:21:27.201
Wind Generator #1,W,269.0587943267009,OPERATING,2023-05-21T16:21:27.201
Wind Generator #2,W,350.78067897063966,OPERATING,2023-05-21T16:21:27.201
Solar Generator #1,S,561.0070784297416,OPERATING,2023-05-21T17:21:27.201
Solar Generator #2,S,527.278353844558,OPERATING,2023-05-21T17:21:27.201
Hydro Generator #1,H,1007.2979704665879,OPERATING,2023-05-21T17:21:27.201
Hydro Generator #2,H,953.6304811273412,OPERATING,2023-05-21T17:21:27.201
Wind Generator #1,W,245.41312087343167,OPERATING,2023-05-21T17:21:27.201
Wind Generator #2,W,319.3914758068135,OPERATING,2023-05-21T17:21:27.201
Solar Generator #1,S,594.9325784587508,OPERATING,2023-05-21T18:21:27.201
Solar Generator #2,S,454.1148768604723,OPERATING,2023-05-21T18:21:27.201
Hydro Generator #1,H,831.0880720982856,OPERATING,2023-05-21T18:21:27.201
Hydro Generator #2,H,1053.7914394481102,OPERATING,2023-05-21T18:21:27.201
Wind Generator #1,W,296.64333990564273,OPERATING,2023-05-21T18:21:27.201
Wind Generator #2,W,261.56070100384323,OPERATING,2023-05-21T18:21:27.201
Solar Generator #1,S,570.262629374801,OPERATING,2023-05-21T19:21:27.201
Solar Generator #2,S,506.1995260853256,OPERATING,2023-05-21T19:21:27.201
Hydro Generator #1,H,1001.7339245627168,OPERATING,2023-05-21T19:21:27.201
Hydro Generator #2,H,1093.1370222750447,OPERATING,2023-05-21T19:21:27.201
Wind Generator #1,W,294.3094983348673,OPERATING,2023-05-21T19:21:27.201
Wind Generator #2,W,323.9802749980886,OPERATING,2023-05-21T19:21:27.201
Solar Generator #1,S,533.8069990564887,OPERATING,2023-05-21T20:21:27.201
Solar Generator #2,S,525.1413152609382,OPERATING,2023-05-21T20:21:27.201
Hydro Generator #1,H,802.2075679709224,OPERATING,2023-05-21T20:21:27.201
Hydro Generator #2,H,853.8109877119904,OPERATING,2023-05-21T20:21:27.201
Wind Generator #1,W,258.27743517756625,OPERATING,2023-05-21T20:21:27.201
Wind Generator #2,W,305.45483216840677,OPERATING,2023-05-21T20:21:27.201
Solar Generator #1,S,536.2815713608783,OPERATING,2023-05-21T21:21:27.201
Solar Generator #2,S,548.0552564977232,OPERATING,2023-05-21T21:21:27.201
Hydro Generator #1,H,1193.3847448549245,OPERATING,2023-05-21T21:21:27.201
Hydro Generator #2,H,1108.967925590997,OPERATING,2023-05-21T21:21:27.201
Wind Generator #1,W,323.8281904942717,OPERATING,2023-05-21T21:21:27.201
Wind Generator #2,W,304.42388484516675,OPERATING,2023-05-21T21:21:27.201
Solar Generator #1,S,412.4567945791596,OPERATING,2023-05-21T22:21:27.201
Solar Generator #2,S,506.4336076358017,OPERATING,2023-05-21T22:21:27.201
Hydro Generator #1,H,976.3418112753839,OPERATING,2023-05-21T22:21:27.201
Hydro Generator #2,H,1195.629863845325,OPERATING,2023-05-21T22:21:27.201
Wind Generator #1,W,265.6065107540276,OPERATING,2023-05-21T22:21:27.201
Wind Generator #2,W,289.75071509922384,OPERATING,2023-05-21T22:21:27.201
Solar Generator #1,S,414.75170831829786,OPERATING,2023-05-21T23:21:27.201
Solar Generator #2,S,581.2001646962293,OPERATING,2023-05-21T23:21:27.201
Hydro Generator #1,H,1108.5287275196147,OPERATING,2023-05-21T23:21:27.201
Hydro Generator #2,H,970.5265554018081,OPERATING,2023-05-21T23:21:27.201
Wind Generator #1,W,274.44483845271475,OPERATING,2023-05-21T23:21:27.201
Wind Generator #2,W,312.08389295069617,OPERATING,2023-05-21T23:21:27.201
Solar Generator #1,S,490.086875000089,OPERATING,2023-05-22T00:21:27.201
Solar Generator #2,S,498.5850875283332,OPERATING,2023-05-22T00:21:27.201
Hydro Generator #1,H,817.1165475938466,OPERATING,2023-05-22T00:21:27.201
Hydro Generator #2,H,900.6164381269546,OPERATING,2023-05-22T00:21:27.201
Wind Generator #1,W,300.4038515716367,OPERATING,2023-05-22T00:21:27.201
Wind Generator #2,W,297.27700558149536,OPERATING,2023-05-22T00:21:27.201
Solar Generator #1,S,491.5671995718123,OPERATING,2023-05-22T01:21:27.201
Solar Generator #2,S,531.3404490982537,OPERATING,2023-05-22T01:21:27.201
Hydro Generator #1,H,968.8332989126983,OPERATING,2023-05-22T01:21:27.201
Hydro Generator #2,H,812.250432022438,OPERATING,2023-05-22T01:21:27.201
Wind Generator #1,W,263.9252876709806,OPERATING,2023-05-22T01:21:27.201
Wind Generator #2,W,338.78189976326695,OPERATING,2023-05-22T01:21:27.201
Solar Generator #1,S,537.0734787529383,OPERATING,2023-05-22T02:21:27.201
Solar Generator #2,S,568.4496566646508,OPERATING,2023-05-22T02:21:27.201
Hydro Generator #1,H,809.1178912731121,OPERATING,2023-05-22T02:21:27.201
Hydro Generator #2,H,832.7068078806642,OPERATING,2023-05-22T02:21:27.201
Wind Generator #1,W,276.79751244448767,OPERATING,2023-05-22T02:21:27.201
Wind Generator #2,W,252.61038709975014,OPERATING,2023-05-22T02:21:27.201
Solar Generator #1,S,466.0994301884821,OPERATING,2023-05-22T03:21:27.201
Solar Generator #2,S,533.8666056711867,OPERATING,2023-05-22T03:21:27.201
Hydro Generator #1,H,874.4372226509489,OPERATING,2023-05-22T03:21:27.201
Hydro Generator #2,H,905.0906550893673,OPERATING,2023-05-22T03:21:27.201
Wind Generator #1,W,345.68895718780266,OPERATING,2023-05-22T03:21:27.201
Wind Generator #2,W,356.38909260955626,OPERATING,2023-05-22T03:21:27.201
Solar Generator #1,S,504.17859931721966,OPERATING,2023-05-22T04:21:27.201
Solar Generator #2,S,470.95324919942396,OPERATING,2023-05-22T04:21:27.201
Hydro Generator #1,H,810.1273758085812,OPERATING,2023-05-22T04:21:27.201
Hydro Generator #2,H,1142.3572925969438,OPERATING,2023-05-22T04:21:27.201
Wind Generator #1,W,333.3092218028194,OPERATING,2023-05-22T04:21:27.201
Wind Generator #2,W,303.21177534503147,OPERATING,2023-05-22T04:21:27.201
Solar Generator #1,S,421.0034729746009,OPERATING,2023-05-22T05:21:27.201
Solar Generator #2,S,564.1671227644312,OPERATING,2023-05-22T05:21:27.201
Hydro Generator #1,H,1192.1353188395435,OPERATING,2023-05-22T05:21:27.201
Hydro Generator #2,H,1008.4844657920049,OPERATING,2023-05-22T05:21:27.201
Wind Generator #1,W,345.81236258924673,OPERATING,2023-05-22T05:21:27.201
Wind Generator #2,W,341.4231510537991,OPERATING,2023-05-22T05:21:27.201
Solar Generator #1,S,463.8469473649042,OPERATING,2023-05-22T06:21:27.201
Solar Generator #2,S,443.18315179048403,OPERATING,2023-05-22T06:21:27.201
Hydro Generator #1,H,854.5532637550674,OPERATING,2023-05-22T06:21:27.201
Hydro Generator #2,H,874.5839373368993,OPERATING,2023-05-22T06:21:27.201
Wind Generator #1,W,279.8615641793323,OPERATING,2023-05-22T06:21:27.201
Wind Generator #2,W,303.1479727315485,OPERATING,2023-05-22T06:21:27.201
Solar Generator #1,S,562.1539653119763,OPERATING,2023-05-22T07:21:27.201
Solar Generator #2,S,507.01685880140633,OPERATING,2023-05-22T07:21:27.201
Hydro Generator #1,H,865.8532695557863,OPERATING,2023-05-22T07:21:27.201
Hydro Generator #2,H,895.0085217397952,OPERATING,2023-05-22T07:21:27.201
Wind Generator #1,W,278.82902539965784,OPERATING,2023-05-22T07:21:27.201
Wind Generator #2,W,267.3087143550987,OPERATING,2023-05-22T07:21:27.201
Solar Generator #1,S,532.179187094349,OPERATING,2023-05-22T08:21:27.201
Solar Generator #2,S,516.8489239027639,OPERATING,2023-05-22T08:21:27.201
Hydro Generator #1,H,1175.245664197416,OPERATING,2023-05-22T08:21:27.201
Hydro Generator #2,H,983.2764230671308,OPERATING,2023-05-22T08:21:27.201
Wind Generator #1,W,274.90968238371937,OPERATING,2023-05-22T08:21:27.201
Wind Generator #2,W,317.0550280567078,OPERATING,2023-05-22T08:21:27.201
Solar Generator #1,S,462.30412642127624,OPERATING,2023-05-22T09:21:27.201
Solar Generator #2,S,536.1338997585422,OPERATING,2023-05-22T09:21:27.201
Hydro Generator #1,H,866.5999252565764,OPERATING,2023-05-22T09:21:27.201
Hydro Generator #2,H,1139.900262997283,OPERATING,2023-05-22T09:21:27.201
Wind Generator #1,W,312.481994859063,OPERATING,2023-05-22T09:21:27.201
Wind Generator #2,W,316.95768694361584,OPERATING,2023-05-22T09:21:27.201
Solar Generator #1,S,530.1751712216595,OPERATING,2023-05-22T10:21:27.201
Solar Generator #2,S,445.20860090217144,OPERATING,2023-05-22T10:21:27.201
Hydro Generator #1,H,1110.8829417388936,OPERATING,2023-05-22T10:21:27.201
Hydro Generator #2,H,1093.9738138668438,OPERATING,2023-05-22T10:21:27.201
Wind Generator #1,W,277.8537139309185,OPERATING,2023-05-22T10:21:27.201
Wind Generator #2,W,251.99954258036098,OPERATING,2023-05-22T10:21:27.201
Solar Generator #1,S,592.0616652270616,OPERATING,2023-05-22T11:21:27.201
Solar Generator #2,S,524.9986046963702,OPERATING,2023-05-22T11:21:27.201
Hydro Generator #1,H,899.0846355556765,OPERATING,2023-05-22T11:21:27.201
Hydro Generator #2,H,967.6350294513311,OPERATING,2023-05-22T11:21:27.201
Wind Generator #1,W,241.58530148220342,OPERATING,2023-05-22T11:21:27.201
Wind Generator #2,W,278.3256117920809,OPERATING,2023-05-22T11:21:27.201
Solar Generator #1,S,592.8409654097782,OPERATING,2023-05-22T12:21:27.201
Solar Generator #2,S,590.5540241775996,OPERATING,2023-05-22T12:21:27.201
Hydro Generator #1,H,1066.1168845740401,OPERATING,2023-05-22T12:21:27.201
Hydro Generator #2,H,857.2898108571427,OPERATING,2023-05-22T12:21:27.201
Wind Generator #1,W,291.88826971886874,OPERATING,2023-05-22T12:21:27.201
Wind Generator #2,W,354.8941696105577,OPERATING,2023-05-22T12:21:27.201
Solar Generator #1,S,571.7753595465105,OPERATING,2023-05-22T13:21:27.201
Solar Generator #2,S,460.0286168982157,OPERATING,2023-05-22T13:21:27.201
Hydro Generator #1,H,1182.1871889115787,OPERATING,2023-05-22T13:21:27.201
Hydro Generator #2,H,847.7462514183325,OPERATING,2023-05-22T13:21:27.201
Wind Generator #1,W,261.1504959444461,OPERATING,2023-05-22T13:21:27.201
Wind Generator #2,W,355.600365251925,OPERATING,2023-05-22T13:21:27.201
Solar Generator #1,S,584.7533880955314,OPERATING,2023-05-22T14:21:27.201
Solar Generator #2,S,568.3489853220248,OPERATING,2023-05-22T14:21:27.201
Hydro Generator #1,H,991.6641841492966,OPERATING,2023-05-22T14:21:27.201
Hydro Generator #2,H,835.1749040507475,OPERATING,2023-05-22T14:21:27.201
Wind Generator #1,W,322.4451453813951,OPERATING,2023-05-22T14:21:27.201
Wind Generator #2,W,263.1235730115198,OPERATING,2023-05-22T14:21:27.201
Solar Generator #1,S,427.92599568169396,OPERATING,2023-05-22T15:21:27.201
Solar Generator #2,S,477.20358911473846,OPERATING,2023-05-22T15:21:27.201
Hydro Generator #1,H,820.4677028778541,OPERATING,2023-05-22T15:21:27.201
Hydro Generator #2,H,832.0763885567817,OPERATING,2023-05-22T15:21:27.201
Wind Generator #1,W,298.9346186177672,OPERATING,2023-05-22T15:21:27.201
Wind Generator #2,W,258.67942915849665,OPERATING,2023-05-22T15:21:27.201
Solar Generator #1,S,430.67580732109343,OPERATING,2023-05-22T16:21:27.201
Solar Generator #2,S,494.1139466545119,OPERATING,2023-05-22T16:21:27.201
Hydro Generator #1,H,951.5317088792567,OPERATING,2023-05-22T16:21:27.201
Hydro Generator #2,H,1162.2028565337444,OPERATING,2023-05-22T16:21:27.201
Wind Generator #1,W,326.38557599421523,OPERATING,2023-05-22T16:21:27.201
Wind Generator #2,W,326.0370783100809,OPERATING,2023-05-22T16:21:27.201
Solar Generator #1,S,587.6154625484538,OPERATING,2023-05-22T17:21:27.201
Solar Generator #2,S,593.2333483157587,OPERATING,2023-05-22T17:21:27.201
Hydro Generator #1,H,1183.9041180021286,OPERATING,2023-05-22T17:21:27.201
Hydro Generator #2,H,925.6459658151306,OPERATING,2023-05-22T17:21:27.201
Wind Generator #1,W,357.5657774419389,OPERATING,2023-05-22T17:21:27.201
Wind Generator #2,W,303.591992880589,OPERATING,2023-05-22T17:21:27.201
Solar Generator #1,S,519.8189816248632,OPERATING,2023-05-22T18:21:27.201
Solar Generator #2,S,529.1511100506954,OPERATING,2023-05-22T18:21:27.201
Hydro Generator #1,H,1044.5630499160497,OPERATING,2023-05-22T18:21:27.201
Hydro Generator #2,H,1124.0692131810638,OPERATING,2023-05-22T18:21:27.201
Wind Generator #1,W,337.09822008934333,OPERATING,2023-05-22T18:21:27.201
Wind Generator #2,W,304.9642737696815,OPERATING,2023-05-22T18:21:27.201
Solar Generator #1,S,594.7477505165047,OPERATING,2023-05-22T19:21:27.201
Solar Generator #2,S,452.3632857005176,OPERATING,2023-05-22T19:21:27.201
Hydro Generator #1,H,813.0447234523059,OPERATING,2023-05-22T19:21:27.201
Hydro Generator #2,H,1083.3283367768097,OPERATING,2023-05-22T19:21:27.201
Wind Generator #1,W,266.40262491586265,OPERATING,2023-05-22T19:21:27.201
Wind Generator #2,W,246.52211876700324,OPERATING,2023-05-22T19:21:27.201
Solar Generator #1,S,592.34064338484,OPERATING,2023-05-22T20:21:27.201
Solar Generator #2,S,471.2035471897207,OPERATING,2023-05-22T20:21:27.201
Hydro Generator #1,H,847.4938840245816,OPERATING,2023-05-22T20:21:27.201
Hydro Generator #2,H,895.4891520882375,OPERATING,2023-05-22T20:21:27.201
Wind Generator #1,W,260.65918276181503,OPERATING,2023-05-22T20:21:27.201
Wind Generator #2,W,309.409812095486,OPERATING,2023-05-22T20:21:27.201
Solar Generator #1,S,581.4955820385826,OPERATING,2023-05-22T21:21:27.201
Solar Generator #2,S,459.9106899172331,OPERATING,2023-05-22T21:21:27.201
Hydro Generator #1,H,866.7631737410837,OPERATING,2023-05-22T21:21:27.201
Hydro Generator #2,H,924.5175380335056,OPERATING,2023-05-22T21:21:27.201
Wind Generator #1,W,273.28396643243025,OPERATING,2023-05-22T21:21:27.201
Wind Generator #2,W,244.08923350013902,OPERATING,2023-05-22T21:21:27.201
Solar Generator #1,S,566.6776131596147,OPERATING,2023-05-22T22:21:27.201
Solar Generator #2,S,586.1421825567297,OPERATING,2023-05-22T22:21:27.201
Hydro Generator #1,H,1046.7035689762652,OPERATING,2023-05-22T22:21:27.201
Hydro Generator #2,H,1179.6822904548576,OPERATING,2023-05-22T22:21:27.201
Wind Generator #1,W,308.2102825994722,OPERATING,2023-05-22T22:21:27.201
Wind Generator #2,W,337.08366209308576,OPERATING,2023-05-22T22:21:27.201
Solar Generator #1,S,578.6464525554712,OPERATING,2023-05-22T23:21:27.201
Solar Generator #2,S,523.6257958320506,OPERATING,2023-05-22T23:21:27.201
Hydro Generator #1,H,1029.8035885401532,OPERATING,2023-05-22T23:21:27.201
Hydro Generator #2,H,957.9768560078758,OPERATING,2023-05-22T23:21:27.201
Wind Generator #1,W,336.3247648138347,OPERATING,2023-05-22T23:21:27.201
Wind Generator #2,W,322.5422065254972,OPERATING,2023-05-22T23:21:27.201
Solar Generator #1,S,416.30419855435684,OPERATING,2023-05-23T00:21:27.201
Solar Generator #2,S,526.7743497594506,OPERATING,2023-05-23T00:21:27.201
Hydro Generator #1,H,825.8506029406994,OPERATING,2023-05-23T00:21:27.201
Hydro Generator #2,H,991.6318376081018,OPERATING,2023-05-23T00:21:27.201
Wind Generator #1,W,299.71183556287417,OPERATING,2023-05-23T00:21:27.201
Wind Generator #2,W,335.42305647400576,OPERATING,2023-05-23T00:21:27.201
Solar Generator #1,S,598.421798323914,OPERATING,2023-05-23T01:21:27.201
Solar Generator #2,S,473.97128616976136,OPERATING,2023-05-23T01:21:27.201
Hydro Generator #1,H,1097.3032158167623,OPERATING,2023-05-23T01:21:27.201
Hydro Generator #2,H,809.0555562835275,OPERATING,2023-05-23T01:21:27.201
Wind Generator #1,W,325.9147580715282,OPERATING,2023-05-23T01:21:27.201
Wind Generator #2,W,288.5232306813939,OPERATING,2023-05-23T01:21:27.201
Solar Generator #1,S,454.5105842005273,OPERATING,2023-05-23T02:21:27.201
Solar Generator #2,S,434.86766928461105,OPERATING,2023-05-23T02:21:27.201
Hydro Generator #1,H,1076.5793245449088,OPERATING,2023-05-23T02:21:27.201
Hydro Generator #2,H,1127.3057933284738,OPERATING,2023-05-23T02:21:27.201
Wind Generator #1,W,304.226206143628,OPERATING,2023-05-23T02:21:27.201
Wind Generator #2,W,332.2623931771061,OPERATING,2023-05-23T02:21:27.201
Solar Generator #1,S,473.36307114435897,OPERATING,2023-05-23T03:21:27.201
Solar Generator #2,S,484.4140019751098,OPERATING,2023-05-23T03:21:27.201
Hydro Generator #1,H,1153.4800446480017,OPERATING,2023-05-23T03:21:27.201
Hydro Generator #2,H,841.4612806343838,OPERATING,2023-05-23T03:21:27.201
Wind Generator #1,W,257.0760079978602,OPERATING,2023-05-23T03:21:27.201
Wind Generator #2,W,244.05780464276663,OPERATING,2023-05-23T03:21:27.201
Solar Generator #1,S,435.7950036296019,OPERATING,2023-05-23T04:21:27.201
Solar Generator #2,S,572.4830293474953,OPERATING,2023-05-23T04:21:27.201
Hydro Generator #1,H,1199.485386731943,OPERATING,2023-05-23T04:21:27.201
Hydro Generator #2,H,961.0273725696388,OPERATING,2023-05-23T04:21:27.201
Wind Generator #1,W,311.88836048320843,OPERATING,2023-05-23T04:21:27.201
Wind Generator #2,W,333.3073337168871,OPERATING,2023-05-23T04:21:27.201
Solar Generator #1,S,484.87844408612733,OPERATING,2023-05-23T05:21:27.201
Solar Generator #2,S,462.82260666764387,OPERATING,2023-05-23T05:21:27.201
Hydro Generator #1,H,961.6730595419822,OPERATING,2023-05-23T05:21:27.201
Hydro Generator #2,H,865.7755647914959,OPERATING,2023-05-23T05:21:27.201
Wind Generator #1,W,302.33552955836666,OPERATING,2023-05-23T05:21:27.201
Wind Generator #2,W,338.42701173976855,OPERATING,2023-05-23T05:21:27.201
Solar Generator #1,S,532.4634577440614,OPERATING,2023-05-23T06:21:27.201
Solar Generator #2,S,478.710374746995,OPERATING,2023-05-23T06:21:27.201
Hydro Generator #1,H,962.5275926849331,OPERATING,2023-05-23T06:21:27.201
Hydro Generator #2,H,1113.1825603705286,OPERATING,2023-05-23T06:21:27.201
Wind Generator #1,W,262.7196923441624,OPERATING,2023-05-23T06:21:27.201
Wind Generator #2,W,314.0693514574405,OPERATING,2023-05-23T06:21:27.201
Solar Generator #1,S,465.0439296770652,OPERATING,2023-05-23T07:21:27.201
Solar Generator #2,S,435.0649641092775,OPERATING,2023-05-23T07:21:27.201
Hydro Generator #1,H,882.9224540759274,OPERATING,2023-05-23T07:21:27.201
Hydro Generator #2,H,926.9000626056971,OPERATING,2023-05-23T07:21:27.201
Wind Generator #1,W,245.26935177232212,OPERATING,2023-05-23T07:21:27.201
Wind Generator #2,W,339.57838850654514,OPERATING,2023-05-23T07:21:27.201
Solar Generator #1,S,495.0306350653696,OPERATING,2023-05-23T08:21:27.201
Solar Generator #2,S,497.90111071145174,OPERATING,2023-05-23T08:21:27.201
Hydro Generator #1,H,984.0734451542389,OPERATING,2023-05-23T08:21:27.201
Hydro Generator #2,H,1030.451873743463,OPERATING,2023-05-23T08:21:27.201
Wind Generator #1,W,347.4413449928632,OPERATING,2023-05-23T08:21:27.201
Wind Generator #2,W,303.916970640847,OPERATING,2023-05-23T08:21:27.201
Solar Generator #1,S,505.2526361453884,OPERATING,2023-05-23T09:21:27.201
Solar Generator #2,S,591.8989769476352,OPERATING,2023-05-23T09:21:27.201
Hydro Generator #1,H,1140.2774390559327,OPERATING,2023-05-23T09:21:27.201
Hydro Generator #2,H,862.6209385848522,OPERATING,2023-05-23T09:21:27.201
Wind Generator #1,W,344.8742020718,OPERATING,2023-05-23T09:21:27.201
Wind Generator #2,W,357.73162490658046,OPERATING,2023-05-23T09:21:27.201
Solar Generator #1,S,555.0159340627583,OPERATING,2023-05-23T10:21:27.201
Solar Generator #2,S,575.4907923749668,OPERATING,2023-05-23T10:21:27.201
Hydro Generator #1,H,1107.7659944735515,OPERATING,2023-05-23T10:21:27.201
Hydro Generator #2,H,1020.7541836725203,OPERATING,2023-05-23T10:21:27.201
Wind Generator #1,W,325.4433168730324,OPERATING,2023-05-23T10:21:27.201
Wind Generator #2,W,349.89996963236445,OPERATING,2023-05-23T10:21:27.201
Solar Generator #1,S,455.30591188834086,OPERATING,2023-05-23T11:21:27.201
Solar Generator #2,S,520.2506024409824,OPERATING,2023-05-23T11:21:27.201
Hydro Generator #1,H,1146.0190375142197,OPERATING,2023-05-23T11:21:27.201
Hydro Generator #2,H,1025.4788982350387,OPERATING,2023-05-23T11:21:27.201
Wind Generator #1,W,330.9230530681437,OPERATING,2023-05-23T11:21:27.201
Wind Generator #2,W,243.83531001780747,OPERATING,2023-05-23T11:21:27.201
Solar Generator #1,S,478.72819654894465,OPERATING,2023-05-23T12:21:27.201
Solar Generator #2,S,467.5059441223827,OPERATING,2023-05-23T12:21:27.201
Hydro Generator #1,H,836.3995362781465,OPERATING,2023-05-23T12:21:27.201
Hydro Generator #2,H,1185.0898915628525,OPERATING,2023-05-23T12:21:27.201
Wind Generator #1,W,355.0655589300117,OPERATING,2023-05-23T12:21:27.201
Wind Generator #2,W,298.00277580016234,OPERATING,2023-05-23T12:21:27.201
Solar Generator #1,S,446.54013206758185,OPERATING,2023-05-23T13:21:27.201
Solar Generator #2,S,589.9728680237289,OPERATING,2023-05-23T13:21:27.201
Hydro Generator #1,H,1108.9854987684082,OPERATING,2023-05-23T13:21:27.201
Hydro Generator #2,H,1060.132368848367,OPERATING,2023-05-23T13:21:27.201
Wind Generator #1,W,240.46085514433534,OPERATING,2023-05-23T13:21:27.201
Wind Generator #2,W,255.5310375435132,OPERATING,2023-05-23T13:21:27.201
Solar Generator #1,S,430.6329853913727,OPERATING,2023-05-23T14:21:27.201
Solar Generator #2,S,559.8486868931882,OPERATING,2023-05-23T14:21:27.201
Hydro Generator #1,H,891.991538575126,OPERATING,2023-05-23T14:21:27.201
Hydro Generator #2,H,988.4710182321869,OPERATING,2023-05-23T14:21:27.201
Wind Generator #1,W,341.34733805395547,OPERATING,2023-05-23T14:21:27.201
Wind Generator #2,W,319.4833085046234,OPERATING,2023-05-23T14:21:27.201
Solar Generator #1,S,522.5828879367364,OPERATING,2023-05-23T15:21:27.201
Solar Generator #2,S,517.1795665654122,OPERATING,2023-05-23T15:21:27.201
Hydro Generator #1,H,1039.1876314714355,OPERATING,2023-05-23T15:21:27.201
Hydro Generator #2,H,928.4014342772216,OPERATING,2023-05-23T15:21:27.201
Wind Generator #1,W,355.59660350112847,OPERATING,2023-05-23T15:21:27.201
Wind Generator #2,W,333.2810590042117,OPERATING,2023-05-23T15:21:27.201
Solar Generator #1,S,554.8961123826506,OPERATING,2023-05-23T16:21:27.201
Solar Generator #2,S,543.4529297657049,OPERATING,2023-05-23T16:21:27.201
Hydro Generator #1,H,1069.2383760009368,OPERATING,2023-05-23T16:21:27.201
Hydro Generator #2,H,912.1257411840213,OPERATING,2023-05-23T16:21:27.201
Wind Generator #1,W,356.40112546389923,OPERATING,2023-05-23T16:21:27.201
Wind Generator #2,W,259.9535199667089,OPERATING,2023-05-23T16:21:27.201
Solar Generator #1,S,511.33233429113835,OPERATING,2023-05-23T17:21:27.201
Solar Generator #2,S,575.2474073885446,OPERATING,2023-05-23T17:21:27.201
Hydro Generator #1,H,1166.9018041056984,OPERATING,2023-05-23T17:21:27.201
Hydro Generator #2,H,874.1797710969649,OPERATING,2023-05-23T17:21:27.201
Wind Generator #1,W,292.74808363903423,OPERATING,2023-05-23T17:21:27.201
Wind Generator #2,W,279.3157748366354,OPERATING,2023-05-23T17:21:27.201
Solar Generator #1,S,433.6972092856438,OPERATING,2023-05-23T18:21:27.201
Solar Generator #2,S,441.4059454728355,OPERATING,2023-05-23T18:21:27.201
Hydro Generator #1,H,849.542331382271,OPERATING,2023-05-23T18:21:27.201
Hydro Generator #2,H,929.1647862619144,OPERATING,2023-05-23T18:21:27.201
Wind Generator #1,W,277.56723175076394,OPERATING,2023-05-23T18:21:27.201
Wind Generator #2,W,358.857894960757,OPERATING,2023-05-23T18:21:27.201
Solar Generator #1,S,521.7534005109073,OPERATING,2023-05-23T19:21:27.201
Solar Generator #2,S,574.5804087964748,OPERATING,2023-05-23T19:21:27.201
Hydro Generator #1,H,1093.4279039093549,OPERATING,2023-05-23T19:21:27.201
Hydro Generator #2,H,1120.4024549375522,OPERATING,2023-05-23T19:21:27.201
Wind Generator #1,W,323.4954751964646,OPERATING,2023-05-23T19:21:27.201
Wind Generator #2,W,282.0572914881525,OPERATING,2023-05-23T19:21:27.201
Solar Generator #1,S,430.907070248635,OPERATING,2023-05-23T20:21:27.201
Solar Generator #2,S,534.1289654713261,OPERATING,2023-05-23T20:21:27.201
Hydro Generator #1,H,942.7974573367986,OPERATING,2023-05-23T20:21:27.201
Hydro Generator #2,H,1045.8973137324995,OPERATING,2023-05-23T20:21:27.201
Wind Generator #1,W,298.50545187159855,OPERATING,2023-05-23T20:21:27.201
Wind Generator #2,W,277.00613138505236,OPERATING,2023-05-23T20:21:27.201
Solar Generator #1,S,499.08465486005696,OPERATING,2023-05-23T21:21:27.201
Solar Generator #2,S,582.230178536548,OPERATING,2023-05-23T21:21:27.201
Hydro Generator #1,H,1090.699850696515,OPERATING,2023-05-23T21:21:27.201
Hydro Generator #2,H,990.2567204733253,OPERATING,2023-05-23T21:21:27.201
Wind Generator #1,W,357.20011252857023,OPERATING,2023-05-23T21:21:27.201
Wind Generator #2,W,298.6753159572982,OPERATING,2023-05-23T21:21:27.201
Solar Generator #1,S,579.7224706891601,OPERATING,2023-05-23T22:21:27.201
Solar Generator #2,S,578.7106633896577,OPERATING,2023-05-23T22:21:27.201
Hydro Generator #1,H,824.1216298798555,OPERATING,2023-05-23T22:21:27.201
Hydro Generator #2,H,850.9836244303573,OPERATING,2023-05-23T22:21:27.201
Wind Generator #1,W,278.3799981395115,OPERATING,2023-05-23T22:21:27.201
Wind Generator #2,W,359.81629394797255,OPERATING,2023-05-23T22:21:27.201
Solar Generator #1,S,522.0495975482335,OPERATING,2023-05-23T23:21:27.201
Solar Generator #2,S,402.46598566888724,OPERATING,2023-05-23T23:21:27.201
Hydro Generator #1,H,1066.9361443138907,OPERATING,2023-05-23T23:21:27.201
Hydro Generator #2,H,844.8235527921361,OPERATING,2023-05-23T23:21:27.201
Wind Generator #1,W,325.5446096632355,OPERATING,2023-05-23T23:21:27.201
Wind Generator #2,W,318.4315953051249,OPERATING,2023-05-23T23:21:27.201
Solar Generator #1,S,522.8523115413373,OPERATING,2023-05-24T00:21:27.201
Solar Generator #2,S,568.4871818480244,OPERATING,2023-05-24T00:21:27.201
Hydro Generator #1,H,1032.7224612793348,OPERATING,2023-05-24T00:21:27.201
Hydro Generator #2,H,1114.6123766763249,OPERATING,2023-05-24T00:21:27.201
Wind Generator #1,W,244.29390135311354,OPERATING,2023-05-24T00:21:27.201
Wind Generator #2,W,333.9246478238664,OPERATING,2023-05-24T00:21:27.201
Solar Generator #1,S,575.666042577682,OPERATING,2023-05-24T01:21:27.201
Solar Generator #2,S,489.38822705271235,OPERATING,2023-05-24T01:21:27.201
Hydro Generator #1,H,815.5180094130757,OPERATING,2023-05-24T01:21:27.201
Hydro Generator #2,H,1129.337369466763,OPERATING,2023-05-24T01:21:27.201
Wind Generator #1,W,339.15065427725636,OPERATING,2023-05-24T01:21:27.201
Wind Generator #2,W,319.46922712630897,OPERATING,2023-05-24T01:21:27.201
Solar Generator #1,S,463.84875373216397,OPERATING,2023-05-24T02:21:27.201
Solar Generator #2,S,528.9624984598271,OPERATING,2023-05-24T02:21:27.201
Hydro Generator #1,H,1100.084496512112,OPERATING,2023-05-24T02:21:27.201
Hydro Generator #2,H,979.8896247012132,OPERATING,2023-05-24T02:21:27.201
Wind Generator #1,W,312.129212648172,OPERATING,2023-05-24T02:21:27.201
Wind Generator #2,W,264.8184493172859,OPERATING,2023-05-24T02:21:27.201
Solar Generator #1,S,583.247433917494,OPERATING,2023-05-24T03:21:27.201
Solar Generator #2,S,412.67911592459785,OPERATING,2023-05-24T03:21:27.201
Hydro Generator #1,H,864.2824762101134,OPERATING,2023-05-24T03:21:27.201
Hydro Generator #2,H,920.2513342835323,OPERATING,2023-05-24T03:21:27.201
Wind Generator #1,W,336.43064882486493,OPERATING,2023-05-24T03:21:27.201
Wind Generator #2,W,321.70299754274794,OPERATING,2023-05-24T03:21:27.201
Solar Generator #1,S,538.1771157856754,OPERATING,2023-05-24T04:21:27.201
Solar Generator #2,S,496.1628918063823,OPERATING,2023-05-24T04:21:27.201
Hydro Generator #1,H,874.665131086366,OPERATING,2023-05-24T04:21:27.201
Hydro Generator #2,H,1188.6273663062764,OPERATING,2023-05-24T04:21:27.201
Wind Generator #1,W,240.94920499076255,OPERATING,2023-05-24T04:21:27.201
Wind Generator #2,W,353.1479281058853,OPERATING,2023-05-24T04:21:27.201
Solar Generator #1,S,531.1897962608709,OPERATING,2023-05-24T05:21:27.201
Solar Generator #2,S,447.58435522301056,OPERATING,2023-05-24T05:21:27.201
Hydro Generator #1,H,942.4180831010469,OPERATING,2023-05-24T05:21:27.201
Hydro Generator #2,H,865.2959285196707,OPERATING,2023-05-24T05:21:27.201
Wind Generator #1,W,294.82952223708816,OPERATING,2023-05-24T05:21:27.201
Wind Generator #2,W,248.46707002637723,OPERATING,2023-05-24T05:21:27.201
Solar Generator #1,S,462.6183081989163,OPERATING,2023-05-24T06:21:27.201
Solar Generator #2,S,473.5192301785873,OPERATING,2023-05-24T06:21:27.201
Hydro Generator #1,H,1110.2869219423994,OPERATING,2023-05-24T06:21:27.201
Hydro Generator #2,H,1083.718913472642,OPERATING,2023-05-24T06:21:27.201
Wind Generator #1,W,306.11882016986095,OPERATING,2023-05-24T06:21:27.201
Wind Generator #2,W,257.3737425709579,OPERATING,2023-05-24T06:21:27.201
Solar Generator #1,S,570.1380779906056,OPERATING,2023-05-24T07:21:27.201
Solar Generator #2,S,510.21947561203217,OPERATING,2023-05-24T07:21:27.201
Hydro Generator #1,H,1182.1505964295152,OPERATING,2023-05-24T07:21:27.201
Hydro Generator #2,H,1108.7180733650262,OPERATING,2023-05-24T07:21:27.201
Wind Generator #1,W,304.61291804026524,OPERATING,2023-05-24T07:21:27.201
Wind Generator #2,W,299.57624151660735,OPERATING,2023-05-24T07:21:27.201
Solar Generator #1,S,571.5975342752524,OPERATING,2023-05-24T08:21:27.201
Solar Generator #2,S,413.3708274859619,OPERATING,2023-05-24T08:21:27.201
Hydro Generator #1,H,885.4136070068066,OPERATING,2023-05-24T08:21:27.201
Hydro Generator #2,H,830.2887349080236,OPERATING,2023-05-24T08:21:27.201
Wind Generator #1,W,286.29965587411436,OPERATING,2023-05-24T08:21:27.201
Wind Generator #2,W,340.40610255279006,OPERATING,2023-05-24T08:21:27.201
Solar Generator #1,S,426.12563876257974,OPERATING,2023-05-24T09:21:27.201
Solar Generator #2,S,509.29465599290523,OPERATING,2023-05-24T09:21:27.201
Hydro Generator #1,H,872.4062574413953,OPERATING,2023-05-24T09:21:27.201
Hydro Generator #2,H,893.8885396482781,OPERATING,2023-05-24T09:21:27.201
Wind Generator #1,W,315.35799737559313,OPERATING,2023-05-24T09:21:27.201
Wind Generator #2,W,288.4570274483041,OPERATING,2023-05-24T09:21:27.201
Solar Generator #1,S,599.0329997665356,OPERATING,2023-05-24T10:21:27.201
Solar Generator #2,S,519.1846502215699,OPERATING,2023-05-24T10:21:27.201
Hydro Generator #1,H,1120.4974306067788,OPERATING,2023-05-24T10:21:27.201
Hydro Generator #2,H,1197.8042064324452,OPERATING,2023-05-24T10:21:27.201
Wind Generator #1,W,349.475685960625,OPERATING,2023-05-24T10:21:27.201
Wind Generator #2,W,307.891856238985,OPERATING,2023-05-24T10:21:27.201
Solar Generator #1,S,505.2806259214356,OPERATING,2023-05-24T11:21:27.201
Solar Generator #2,S,435.3517586103695,OPERATING,2023-05-24T11:21:27.201
Hydro Generator #1,H,881.6400739120704,OPERATING,2023-05-24T11:21:27.201
Hydro Generator #2,H,1035.4649176016437,OPERATING,2023-05-24T11:21:27.201
Wind Generator #1,W,355.30316916231374,OPERATING,2023-05-24T11:21:27.201
Wind Generator #2,W,266.0048055667578,OPERATING,2023-05-24T11:21:27.201
Solar Generator #1,S,414.2984072032482,OPERATING,2023-05-24T12:21:27.201
Solar Generator #2,S,414.5835915710344,OPERATING,2023-05-24T12:21:27.201
Hydro Generator #1,H,1160.5853138368154,OPERATING,2023-05-24T12:21:27.201
Hydro Generator #2,H,945.3367244762089,OPERATING,2023-05-24T12:21:27.201
Wind Generator #1,W,333.1660201233919,OPERATING,2023-05-24T12:21:27.201
Wind Generator #2,W,335.8057793323518,OPERATING,2023-05-24T12:21:27.201
Solar Generator #1,S,525.6930174901939,OPERATING,2023-05-24T13:21:27.201
Solar Generator #2,S,558.6072818034886,OPERATING,2023-05-24T13:21:27.201
Hydro Generator #1,H,1167.016639659238,OPERATING,2023-05-24T13:21:27.201
Hydro Generator #2,H,953.2977725556136,OPERATING,2023-05-24T13:21:27.201
Wind Generator #1,W,253.71292419560623,OPERATING,2023-05-24T13:21:27.201
Wind Generator #2,W,343.82330607358347,OPERATING,2023-05-24T13:21:27.201
Solar Generator #1,S,570.8929519321648,OPERATING,2023-05-24T14:21:27.201
Solar Generator #2,S,575.2776069849617,OPERATING,2023-05-24T14:21:27.201
Hydro Generator #1,H,1090.3712137648927,OPERATING,2023-05-24T14:21:27.201
Hydro Generator #2,H,1152.1598480697091,OPERATING,2023-05-24T14:21:27.201
Wind Generator #1,W,303.980895175172,OPERATING,2023-05-24T14:21:27.201
Wind Generator #2,W,335.0023176089589,OPERATING,2023-05-24T14:21:27.201
Solar Generator #1,S,560.0360267741422,OPERATING,2023-05-24T15:21:27.201
Solar Generator #2,S,556.4950772468744,OPERATING,2023-05-24T15:21:27.201
Hydro Generator #1,H,887.1310322093893,OPERATING,2023-05-24T15:21:27.201
Hydro Generator #2,H,860.2675483802476,OPERATING,2023-05-24T15:21:27.201
Wind Generator #1,W,326.41406843447425,OPERATING,2023-05-24T15:21:27.201
Wind Generator #2,W,299.5026645689545,OPERATING,2023-05-24T15:21:27.201
Solar Generator #1,S,576.412612131938,OPERATING,2023-05-24T16:21:27.201
Solar Generator #2,S,469.9913811093905,OPERATING,2023-05-24T16:21:27.201
Hydro Generator #1,H,948.8823506412704,OPERATING,2023-05-24T16:21:27.201
Hydro Generator #2,H,1135.8717010809144,OPERATING,2023-05-24T16:21:27.201
Wind Generator #1,W,271.67720683261786,OPERATING,2023-05-24T16:21:27.201
Wind Generator #2,W,350.3840022374827,OPERATING,2023-05-24T16:21:27.201
Solar Generator #1,S,422.5356716527426,OPERATING,2023-05-24T17:21:27.201
Solar Generator #2,S,442.0024706570138,OPERATING,2023-05-24T17:21:27.201
Hydro Generator #1,H,1135.457203285532,OPERATING,2023-05-24T17:21:27.201
Hydro Generator #2,H,996.2395018378563,OPERATING,2023-05-24T17:21:27.201
Wind Generator #1,W,314.65959217335893,OPERATING,2023-05-24T17:21:27.201
Wind Generator #2,W,296.59228510097574,OPERATING,2023-05-24T17:21:27.201
Solar Generator #1,S,442.41641555347155,OPERATING,2023-05-24T18:21:27.201
Solar Generator #2,S,506.4823785081073,OPERATING,2023-05-24T18:21:27.201
Hydro Generator #1,H,910.9867215027976,OPERATING,2023-05-24T18:21:27.201
Hydro Generator #2,H,1100.2294163091758,OPERATING,2023-05-24T18:21:27.201
Wind Generator #1,W,322.8697929939145,OPERATING,2023-05-24T18:21:27.201
Wind Generator #2,W,322.3428542375384,OPERATING,2023-05-24T18:21:27.201
Solar Generator #1,S,583.8822497934808,OPERATING,2023-05-24T19:21:27.201
Solar Generator #2,S,413.8936253590278,OPERATING,2023-05-24T19:21:27.201
Hydro Generator #1,H,811.7114272854541,OPERATING,2023-05-24T19:21:27.201
Hydro Generator #2,H,1100.3244054973052,OPERATING,2023-05-24T19:21:27.201
Wind Generator #1,W,257.4764247552147,OPERATING,2023-05-24T19:21:27.201
Wind Generator #2,W,241.92480757165904,OPERATING,2023-05-24T19:21:27.201
Solar Generator #1,S,522.7815393304842,OPERATING,2023-05-24T20:21:27.201
Solar Generator #2,S,528.7429465813301,OPERATING,2023-05-24T20:21:27.201
Hydro Generator #1,H,1002.9093438975483,OPERATING,2023-05-24T20:21:27.201
Hydro Generator #2,H,1154.8829276969857,OPERATING,2023-05-24T20:21:27.201
Wind Generator #1,W,309.55470855540807,OPERATING,2023-05-24T20:21:27.201
Wind Generator #2,W,348.1309500624298,OPERATING,2023-05-24T20:21:27.201
Solar Generator #1,S,447.6774319643227,OPERATING,2023-05-24T21:21:27.201
Solar Generator #2,S,599.9138398426303,OPERATING,2023-05-24T21:21:27.201
Hydro Generator #1,H,1048.3183148052954,OPERATING,2023-05-24T21:21:27.201
Hydro Generator #2,H,1013.6323768805669,OPERATING,2023-05-24T21:21:27.201
Wind Generator #1,W,287.6533320833801,OPERATING,2023-05-24T21:21:27.201
Wind Generator #2,W,252.94738478903454,OPERATING,2023-05-24T21:21:27.201
Solar Generator #1,S,499.14087643329395,OPERATING,2023-05-24T22:21:27.201
Solar Generator #2,S,461.4802560593757,OPERATING,2023-05-24T22:21:27.201
Hydro Generator #1,H,1018.944835877279,OPERATING,2023-05-24T22:21:27.201
Hydro Generator #2,H,849.1957164346466,OPERATING,2023-05-24T22:21:27.201
Wind Generator #1,W,297.6008002100446,OPERATING,2023-05-24T22:21:27.201
Wind Generator #2,W,330.8164655780765,OPERATING,2023-05-24T22:21:27.201
Solar Generator #1,S,472.0107578920686,OPERATING,2023-05-24T23:21:27.201
Solar Generator #2,S,514.0685725090158,OPERATING,2023-05-24T23:21:27.201
Hydro Generator #1,H,909.1668043858804,OPERATING,2023-05-24T23:21:27.201
Hydro Generator #2,H,1004.7073420138803,OPERATING,2023-05-24T23:21:27.201
Wind Generator #1,W,331.5251842382414,OPERATING,2023-05-24T23:21:27.201
Wind Generator #2,W,297.71651602916705,OPERATING,2023-05-24T23:21:27.201
Solar Generator #1,S,421.9968759373921,OPERATING,2023-05-25T00:21:27.201
Solar Generator #2,S,547.9678234717338,OPERATING,2023-05-25T00:21:27.201
Hydro Generator #1,H,1006.5538087650963,OPERATING,2023-05-25T00:21:27.201
Hydro Generator #2,H,1062.3399155671364,OPERATING,2023-05-25T00:21:27.201
Wind Generator #1,W,250.3657595833019,OPERATING,2023-05-25T00:21:27.201
Wind Generator #2,W,333.4813999278521,OPERATING,2023-05-25T00:21:27.201
Solar Generator #1,S,469.75929303686945,OPERATING,2023-05-25T01:21:27.201
Solar Generator #2,S,499.07090112872396,OPERATING,2023-05-25T01:21:27.201
Hydro Generator #1,H,1177.8437438447088,OPERATING,2023-05-25T01:21:27.201
Hydro Generator #2,H,909.8297264924888,OPERATING,2023-05-25T01:21:27.201
Wind Generator #1,W,242.70988174845655,OPERATING,2023-05-25T01:21:27.201
Wind Generator #2,W,340.2127380630651,OPERATING,2023-05-25T01:21:27.201
Solar Generator #1,S,566.1054441618019,OPERATING,2023-05-25T02:21:27.201
Solar Generator #2,S,477.362372657959,OPERATING,2023-05-25T02:21:27.201
Hydro Generator #1,H,1187.0304612888704,OPERATING,2023-05-25T02:21:27.201
Hydro Generator #2,H,991.8533997397578,OPERATING,2023-05-25T02:21:27.201
Wind Generator #1,W,332.5929515265289,OPERATING,2023-05-25T02:21:27.201
Wind Generator #2,W,346.3172527456798,OPERATING,2023-05-25T02:21:27.201
Solar Generator #1,S,471.2041577145067,OPERATING,2023-05-25T03:21:27.201
Solar Generator #2,S,475.0512176627858,OPERATING,2023-05-25T03:21:27.201
Hydro Generator #1,H,1152.532513114078,OPERATING,2023-05-25T03:21:27.201
Hydro Generator #2,H,880.3747779231861,OPERATING,2023-05-25T03:21:27.201
Wind Generator #1,W,329.95415441169405,OPERATING,2023-05-25T03:21:27.201
Wind Generator #2,W,313.63136418586396,OPERATING,2023-05-25T03:21:27.201
